situation,h_estimation_1,h_estimation_2
200_a,604.3558937697863,473.3611691623204
200 y 400 sentados_a,19.217404519271156,174.21869314830684
400_a,567.6666109950709,487.21336142976213
400_120h_a,574.9577825339142,254.80707818572657
450 y 600_a,556.5733129339548,477.51085165088034
