{
  "cameraMatrix1": [
    [
      1019.1501641413117,
      0,
      0
    ],
    [
      0,
      1017.6673847999101,
      0
    ],
    [
      935.5313275451896,
      540.897061605259,
      1
    ]
  ],
  "distCoeffs1": [
    -0.06595320102375624,
    0.27547322092420595,
    0,
    0
  ],
  "cameraMatrix2": [
    [
      1025.2984705547326,
      0,
      0
    ],
    [
      0,
      1022.9161869914872,
      0
    ],
    [
      945.1806691319922,
      596.4621406791495,
      1
    ]
  ],
  "distCoeffs2": [
    -0.04420018990257686,
    -1.138831816992918,
    0,
    0
  ],
  "imageSize": [
    1080,
    1920
  ],
  "stereoR": [
    [
      0.9999892073066444,
      0.000005658143083890743,
      0.004645991628752232
    ],
    [
      -0.00015248550845809974,
      0.9995004801533172,
      0.03160327390410951
    ],
    [
      -0.004643492047880479,
      -0.031603641266061036,
      0.9994896937139109
    ]
  ],
  "stereoT": [
    -60.209309395325604,
    -0.46519908020408335,
    5.208977549962723
  ],
  "flCamera1": [
    1019.1501641413117,
    1017.6673847999101
  ],
  "flCamera2": [
    1025.2984705547326,
    1022.9161869914872
  ]
}