situation,z_estimation,h_estimation
230_z_127_a,1335.0986758961396,236.84536278360616
245_z_140_a,1390.0355368221508,70.27890090921497
282_z_170_a,1595.7093577665441,632.2890582007419
385_z_168_a,1987.0705710018383,581.8874988458379
492_z_133_a,2341.6094818115234,390.73812490733144
500_z_143_a,2402.2246955422793,205.73694570725246
