{
  "cameraMatrix1": [
    [
      699.9125848789959,
      0,
      0
    ],
    [
      0,
      474.25139866259957,
      0
    ],
    [
      1067.7525876368777,
      582.8455946217463,
      1
    ]
  ],
  "distCoeffs1": [
    0.21310036416742295,
    -0.11815326053313667,
    0,
    0
  ],
  "cameraMatrix2": [
    [
      542.6794057703557,
      0,
      0
    ],
    [
      0,
      363.2668758049969,
      0
    ],
    [
      1136.4592380353452,
      593.744285804558,
      1
    ]
  ],
  "distCoeffs2": [
    -0.04570331640165532,
    0.0004581855225807241,
    0,
    0
  ],
  "imageSize": [
    1080,
    1920
  ],
  "stereoR": [
    [
      0.9978250368880325,
      0.002127150390199551,
      0.06588376879485613
    ],
    [
      0.0003201684739099185,
      0.9993110168994802,
      -0.037113191663814604
    ],
    [
      -0.06591732133168715,
      0.0370535657466889,
      0.9971368712538469
    ]
  ],
  "stereoT": [
    -63.57180170281955,
    -13.601615976940982,
    -226.16112115356378
  ],
  "flCamera1": [
    699.9125848789959,
    474.25139866259957
  ],
  "flCamera2": [
    542.6794057703557,
    363.2668758049969
  ]
}