{
  "cameraMatrix1": [
    [
      1429.4995220185822,
      0,
      0
    ],
    [
      0,
      1430.4111785502332,
      0
    ],
    [
      929.8227256572083,
      506.4722541384677,
      1
    ]
  ],
  "distCoeffs1": [
    0.038959753675928216,
    -0.08762635404076649,
    0,
    0
  ],
  "cameraMatrix2": [
    [
      1433.6695087748499,
      0,
      0
    ],
    [
      0,
      1434.7285140471024,
      0
    ],
    [
      936.8035788332203,
      520.1168815891416,
      1
    ]
  ],
  "distCoeffs2": [
    0.03754146621530148,
    -0.08619688704336192,
    0,
    0
  ],
  "imageSize": [
    1080,
    1920
  ],
  "stereoR": [
    [
      0.9999839922878702,
      -0.0004396466043089536,
      -0.005641088447813538
    ],
    [
      0.00039543692411159225,
      0.9999692214080059,
      -0.00783580667866265
    ],
    [
      0.005644359808852099,
      0.007833450550660584,
      0.9999533880410719
    ]
  ],
  "stereoT": [
    -32.95550620237698,
    0.09423058489559656,
    0.09899268062387345
  ],
  "flCamera1": [
    1429.4995220185822,
    1430.4111785502332
  ],
  "flCamera2": [
    1433.6695087748499,
    1434.7285140471024
  ]
}