{
  "cameraMatrix1": [
    [
      1430.012149825778,
      0,
      0
    ],
    [
      0,
      1430.9237520924735,
      0
    ],
    [
      929.8117736131715,
      506.4104424162777,
      1
    ]
  ],
  "distCoeffs1": [
    0.03899105553155828,
    -0.08776092806090276,
    0,
    0
  ],
  "cameraMatrix2": [
    [
      1434.1823778243315,
      0,
      0
    ],
    [
      0,
      1435.2411841383973,
      0
    ],
    [
      936.7865692255547,
      520.0461674300153,
      1
    ]
  ],
  "distCoeffs2": [
    0.03757403486789456,
    -0.08633424788022935,
    0,
    0
  ],
  "imageSize": [
    1080,
    1920
  ],
  "stereoR": [
    [
      0.999983979546831,
      -0.00044000818951974287,
      -0.00564331839223788
    ],
    [
      0.0003957627715238995,
      0.9999691959295709,
      -0.007839040999778314
    ],
    [
      0.005646593797298553,
      0.007836681999461585,
      0.9999533501087576
    ]
  ],
  "stereoT": [
    -29.659969789679785,
    0.08482215274875345,
    0.08914823585143272
  ],
  "f": [
    1430.012149825778,
    1430.9237520924735
  ],
  "flCamera1": [
    1430.012149825778,
    1430.9237520924735
  ],
  "flCamera2": [
    1434.1823778243315,
    1435.2411841383973
  ]
}