{
    "cameraMatrix1": [
        [
            1427.0368174021646,
            0,
            0
        ],
        [
            0,
            1427.8841997743639,
            0
        ],
        [
            930.0528899218228,
            506.4024432936997,
            1
        ]
    ],
    "distCoeffs1": [
        0.038639290916730976,
        -0.08684540359309925,
        0,
        0
    ],
    "cameraMatrix2": [
        [
            1431.1971504699814,
            0,
            0
        ],
        [
            0,
            1432.1896509477585,
            0
        ],
        [
            937.080095744897,
            520.1089956766867,
            1
        ]
    ],
    "distCoeffs2": [
        0.03724537260822713,
        -0.08544515687343436,
        0,
        0
    ],
    "imageSize": [
        1080,
        1920
    ],
    "stereoR": [
        [
            0.9999841083125264,
            -0.0004396060587412972,
            -0.005620486537174026
        ],
        [
            0.00039571324060026655,
            0.999969437539007,
            -0.007808162328811682
        ],
        [
            0.0056237472767408534,
            0.007805814142994835,
            0.9999537202951606
        ]
    ],
    "stereoT": [
        -59.32055768483588,
        0.1687283010894469,
        0.17444276565636233
    ],
    "flCamera1": [
        1427.0368174021646,
        1427.8841997743639
    ],
    "flCamera2": [
        1431.1971504699814,
        1432.1896509477585
    ]
}