{"cameraMatrix1": [[1000.8186394223153, 0, 0], [0, 997.5832110469687, 0], [953.8752649434002, 525.5685448346871, 1]], "distCoeffs1": [0.0021715369559899326, -0.024112467759727498, 0, 0], "cameraMatrix2": [[996.4480112790134, 0, 0], [0, 993.4633475525527, 0], [961.969406965424, 543.8631566929125, 1]], "distCoeffs2": [0.005529237336121564, -0.023120617687385728, 0, 0], "imageSize": [1080, 1920], "stereoR": [[0.9999815033697357, 0.00012471836902851232, -0.006080901555846965], [-0.00015342060494467774, 0.999988849796742, -0.0047198246055434176], [0.006080245103731723, 0.004720670240288082, 0.9999703725070864]], "stereoT": [-59.72657288687044, 0.04255342636789735, -0.7483647201676249], "flCamera1": [1000.8186394223153, 997.5832110469687], "flCamera2": [996.4480112790134, 993.4633475525527]}