{
    "cameraMatrix1": [
        [
            1051.1382574925876,
            0,
            0
        ],
        [
            0,
            1050.9047678783338,
            0
        ],
        [
            945.5253771259665,
            538.0508114466576,
            1
        ]
    ],
    "distCoeffs1": [
        0.024148587978829284,
        -0.02607914363983297,
        0,
        0
    ],
    "cameraMatrix2": [
        [
            1054.755903417673,
            0,
            0
        ],
        [
            0,
            1054.501067037721,
            0
        ],
        [
            955.0623780820993,
            557.0492636327069,
            1
        ]
    ],
    "distCoeffs2": [
        0.021378549422514413,
        -0.022578988691511998,
        0,
        0
    ],
    "imageSize": [
        1080,
        1920
    ],
    "stereoR": [
        [
            0.9999871668394793,
            -0.0002117464028292093,
            -0.0050617506667474926
        ],
        [
            0.00019530302275469973,
            0.9999947034677651,
            -0.0032488295039832115
        ],
        [
            0.005062411784982793,
            0.0032477992360270378,
            0.9999819117299281
        ]
    ],
    "stereoT": [
        -59.90261940334921,
        -0.021118460004748527,
        0.11982730006908665
    ],
    "flCamera1": [
        1051.1382574925876,
        1050.9047678783338
    ],
    "flCamera2": [
        1054.755903417673,
        1054.501067037721
    ]
}