{
	"class_name" : "PinholeCameraParameters",
	"extrinsic" : 
	[
		0.96665150374922804,
		0.040078536116007459,
		0.25293987673388779,
		0.0,
		-0.057659250691885586,
		0.99637945188134436,
		0.062477185262158869,
		0.0,
		-0.24952010161309002,
		-0.074977988846258836,
		0.96546259382720967,
		0.0,
		43.556462726352208,
		5.2204066969357692,
		-117.92145576060041,
		1.0
	],
	"intrinsic" : 
	{
		"height" : 1016,
		"intrinsic_matrix" : 
		[
			879.88181024498977,
			0.0,
			0.0,
			0.0,
			879.88181024498977,
			0.0,
			959.5,
			507.5,
			1.0
		],
		"width" : 1920
	},
	"version_major" : 1,
	"version_minor" : 0
}