{
	"class_name" : "PinholeCameraParameters",
	"extrinsic" : 
	[
		0.16659792653846908,
		-0.04453798726098146,
		-0.9850185270155194,
		0.0,
		0.39114825005136578,
		0.91999998821110918,
		0.024557446392353563,
		0.0,
		0.90512329400741709,
		-0.38937949276034006,
		0.17069104622932968,
		0.0,
		-252.68031131061588,
		96.454736347791197,
		183.29517420290117,
		1.0
	],
	"intrinsic" : 
	{
		"height" : 1061,
		"intrinsic_matrix" : 
		[
			918.85295341528945,
			0.0,
			0.0,
			0.0,
			918.85295341528945,
			0.0,
			959.5,
			530.0,
			1.0
		],
		"width" : 1920
	},
	"version_major" : 1,
	"version_minor" : 0
}