{
	"class_name" : "PinholeCameraParameters",
	"extrinsic" : 
	[
		0.94000744059593255,
		0.12441329512069702,
		-0.31765916265943717,
		0.0,
		-0.080951571454009025,
		0.98588128288532151,
		0.14657741686739867,
		0.0,
		0.33141040222571605,
		-0.11206885407464039,
		0.93680719320625749,
		0.0,
		-36.193285166636926,
		26.899328080043922,
		4.1040674401719013,
		1.0
	],
	"intrinsic" : 
	{
		"height" : 1061,
		"intrinsic_matrix" : 
		[
			918.85295341528945,
			0.0,
			0.0,
			0.0,
			918.85295341528945,
			0.0,
			959.5,
			530.0,
			1.0
		],
		"width" : 1920
	},
	"version_major" : 1,
	"version_minor" : 0
}