{
	"class_name" : "ViewTrajectory",
	"interval" : 29,
	"is_loop" : false,
	"trajectory" : 
	[
		{
			"boundingbox_max" : [ 219.53413391113281, 58.269557952880859, 850.05814117438558 ],
			"boundingbox_min" : [ -90.282096862792969, -116.62229156494141, -0.59999999999999998 ],
			"field_of_view" : 60.0,
			"front" : [ -0.095835554820780974, 0.019926798296555224, -0.99519770354530135 ],
			"lookat" : [ 30.82705712235359, -8.267747845649291, 440.96600777414471 ],
			"up" : [ -0.041756373084997557, -0.99899999246766535, -0.015981875872099108 ],
			"zoom" : 0.19999999999999998
		}
	],
	"version_major" : 1,
	"version_minor" : 0
}