situation,z_estimation,h_estimation
230_z_127_a,1336.3328354779412,239.36131884707623
245_z_140_a,1398.7725686465992,253.47730961104338
282_z_170_a,1601.4170711741729,631.2058021301751
385_z_168_a,1985.1255170036766,581.1132030883039
492_z_133_a,562.9224319458008,102.09229167905204
500_z_143_a,765.4664713541666,88.58636505770352
