situation,z_estimation,h_estimation
140_a,5518.716931760188,0.0
140_b,5530.555155623328,0.0
140_c,5535.020038214921,0.0
140_d,5522.984408536694,76.0168024576703
173_a,5502.160050285114,606.8480654255086
157_a,5429.868826807224,463.23542395728714
85_a,4956.319312426987,0.0
85_b,4958.688260234047,0.0
125_a,5301.749037877132,430.91016734980417
125_b,5318.495075216759,427.6636558589742
150_a,5323.839104445203,421.6002475136138
150_b,5351.780899296786,0.0
