{
  "cameraMatrix1": [
    [
      1041.5772920827826,
      0,
      0
    ],
    [
      0,
      1040.8270176272063,
      0
    ],
    [
      938.4914862096731,
      524.1340730757588,
      1
    ]
  ],
  "distCoeffs1": [
    0.01130211657454986,
    -0.013414245660285847,
    0,
    0
  ],
  "cameraMatrix2": [
    [
      1046.5366460715861,
      0,
      0
    ],
    [
      0,
      1045.7615126279338,
      0
    ],
    [
      944.0934423868855,
      542.7588409702737,
      1
    ]
  ],
  "distCoeffs2": [
    0.011573744181278498,
    -0.014870249639278507,
    0,
    0
  ],
  "imageSize": [
    1080,
    1920
  ],
  "stereoR": [
    [
      0.9999998807539251,
      -0.00011030850285944786,
      0.0004757353989933954
    ],
    [
      0.0001122932443750049,
      0.9999912827809878,
      -0.00417393726134502
    ],
    [
      -0.00047527083113340057,
      0.004173990185490801,
      0.999991175922852
    ]
  ],
  "stereoT": [
    -59.99481956438994,
    0.13799351459333434,
    -0.06240760467287224
  ],
  "flCamera1": [
    1041.5772920827826,
    1040.8270176272063
  ],
  "flCamera2": [
    1046.5366460715861,
    1045.7615126279338
  ]
}